{
    "success": true,
    "message": "Got visits successfully",
    "data": [
        {
            "visitId": "799d7830-a5ff-4a0b-b571-9052df6a2e64",
            "homeBobEmployeeId": "85f99bd7-ffd2-4ca7-1174-08d7984a4cf3",
            "houseOwnerId": "4ad40a8b-8c55-45a3-9b81-b87527f5cf93",
            "isBlocked": false,
            "startTimeUtc": "2020-05-28T08:05:00",
            "endTimeUtc": "2020-05-28T08:35:00",
            "title": "Add title",
            "isReviewed": false,
            "isFirstVisit": false,
            "isManual": false,
            "visitTimeUsed": 0,
            "rememberToday": null,
            "houseOwnerFirstName": "Tone",
            "houseOwnerLastName": "Holtermann",
            "houseOwnerMobilePhone": "+4520934021",
            "houseOwnerAddress": "Akademivej 15, 1 th",
            "houseOwnerZip": "2800",
            "houseOwnerCity": "Kgs. Lyngby",
            "houseOwnerLatitude": 55.778830,
            "houseOwnerLongitude": 12.521240,
            "isSubscriber": false,
            "rememberAlways": null,
            "professional": "Test",
            "visitState": "Done",
            "stateOrder": 1,
            "expectedTime": "08:00/10:00",
            "tasks": [
                {
                    "taskId": "e4131f30-6beb-45aa-9fcf-02758f332219",
                    "title": "Pudsning indvendig",
                    "isTemplate": false,
                    "timesInMinutes": 25,
                    "price": 99.00,
                    "paymentTypeId": "51d14bdf-8d83-49fa-843d-787ceba4bb40",
                    "createDateUtc": "2020-05-28T20:01:56.8831511",
                    "lastUpdateDateUtc": "2020-05-28T20:01:56.8831539",
                    "paymentTypes": null
                },
                {
                    "taskId": "56ed0718-2854-4b11-8fde-8a3c573c9283",
                    "title": "Pudsning udvendig",
                    "isTemplate": false,
                    "timesInMinutes": 35,
                    "price": 199.00,
                    "paymentTypeId": "9f40509b-191d-4c61-946e-0e816b63088d",
                    "createDateUtc": "2020-05-28T20:01:26.2182451",
                    "lastUpdateDateUtc": "2020-05-28T20:01:26.2182775",
                    "paymentTypes": null
                }
            ],
            "houseOwnerAssets": [],
            "visitAssets": [],
            "visitMessages": []
        },
        {
            "visitId": "eefa3ba5-0aa8-42a4-a7b3-cd6d3939473e",
            "homeBobEmployeeId": "85f99bd7-ffd2-4ca7-1174-08d7984a4cf3",
            "houseOwnerId": "8572e4a1-bb98-48b8-a4ae-4411d2e6b39b",
            "isBlocked": false,
            "startTimeUtc": "2020-05-28T08:40:00",
            "endTimeUtc": "2020-05-28T09:10:00",
            "title": "Add title",
            "isReviewed": false,
            "isFirstVisit": false,
            "isManual": false,
            "visitTimeUsed": 0,
            "rememberToday": null,
            "houseOwnerFirstName": "Kenn",
            "houseOwnerLastName": "Jørgensen",
            "houseOwnerMobilePhone": "+4520441443",
            "houseOwnerAddress": "Kornagervej 67",
            "houseOwnerZip": "2800",
            "houseOwnerCity": "Kgs. Lyngby",
            "houseOwnerLatitude": 55.774530,
            "houseOwnerLongitude": 12.519670,
            "isSubscriber": false,
            "rememberAlways": null,
            "professional": "Test",
            "visitState": "InProgress",
            "stateOrder": 3,
            "expectedTime": null,
            "tasks": [
                {
                    "taskId": "33a44066-560e-4294-9f7d-af28e0d2db04",
                    "title": "Pudsning udvendig",
                    "isTemplate": false,
                    "timesInMinutes": 45,
                    "price": 199.00,
                    "paymentTypeId": "9f40509b-191d-4c61-946e-0e816b63088d",
                    "createDateUtc": "2020-05-28T20:03:18.9444727",
                    "lastUpdateDateUtc": "2020-05-28T20:03:18.9444755",
                    "paymentTypes": null
                }
            ],
            "houseOwnerAssets": [],
            "visitAssets": [],
            "visitMessages": []
        },
        {
            "visitId": "ec94deca-d66a-4d62-b049-72414870de00",
            "homeBobEmployeeId": "85f99bd7-ffd2-4ca7-1174-08d7984a4cf3",
            "houseOwnerId": "9f2efc9b-c275-474c-aec9-4f9bd063b46a",
            "isBlocked": false,
            "startTimeUtc": "2020-05-29T09:15:00",
            "endTimeUtc": "2020-05-29T09:40:00",
            "title": "Add title",
            "isReviewed": false,
            "isFirstVisit": false,
            "isManual": false,
            "visitTimeUsed": 0,
            "rememberToday": null,
            "houseOwnerFirstName": "Mads",
            "houseOwnerLastName": "Kolding",
            "houseOwnerMobilePhone": "+4531952906",
            "houseOwnerAddress": "Sorgenfrigårdsvej 54 st th",
            "houseOwnerZip": "2800",
            "houseOwnerCity": "Lyngby",
            "houseOwnerLatitude": 55.776500,
            "houseOwnerLongitude": 12.512700,
            "isSubscriber": false,
            "rememberAlways": null,
            "professional": "Test",
            "visitState": "ToDo",
            "stateOrder": 2,
            "expectedTime": null,
            "tasks": [
                {
                    "taskId": "9a5f6a07-aad8-4510-8686-de8a2b824113",
                    "title": "Pudsning udvendig",
                    "isTemplate": false,
                    "timesInMinutes": 35,
                    "price": 175.00,
                    "paymentTypeId": "9f40509b-191d-4c61-946e-0e816b63088d",
                    "createDateUtc": "2020-05-29T20:04:07.3063091",
                    "lastUpdateDateUtc": "2020-05-29T20:04:07.3063118",
                    "paymentTypes": null
                }
            ],
            "houseOwnerAssets": [],
            "visitAssets": [],
            "visitMessages": []
        },
        {
            "visitId": "ec94deca-d66a-4d62-b049-72414870de00",
            "homeBobEmployeeId": "85f99bd7-ffd2-4ca7-1174-08d7984a4cf3",
            "houseOwnerId": "9f2efc9b-c275-474c-aec9-4f9bd063b46a",
            "isBlocked": false,
            "startTimeUtc": "2020-05-30T09:15:00",
            "endTimeUtc": "2020-05-30T09:40:00",
            "title": "Add title",
            "isReviewed": false,
            "isFirstVisit": false,
            "isManual": false,
            "visitTimeUsed": 0,
            "rememberToday": null,
            "houseOwnerFirstName": "Mads",
            "houseOwnerLastName": "Kolding",
            "houseOwnerMobilePhone": "+4531952906",
            "houseOwnerAddress": "Sorgenfrigårdsvej 54 st th",
            "houseOwnerZip": "2800",
            "houseOwnerCity": "Lyngby",
            "houseOwnerLatitude": 55.776500,
            "houseOwnerLongitude": 12.512700,
            "isSubscriber": false,
            "rememberAlways": null,
            "professional": "Test",
            "visitState": "ToDo",
            "stateOrder": 2,
            "expectedTime": null,
            "tasks": [
                {
                    "taskId": "9a5f6a07-aad8-4510-8686-de8a2b824113",
                    "title": "Pudsning udvendig",
                    "isTemplate": false,
                    "timesInMinutes": 35,
                    "price": 175.00,
                    "paymentTypeId": "9f40509b-191d-4c61-946e-0e816b63088d",
                    "createDateUtc": "2020-05-30T20:04:07.3063091",
                    "lastUpdateDateUtc": "2020-05-30T20:04:07.3063118",
                    "paymentTypes": null
                }
            ],
            "houseOwnerAssets": [],
            "visitAssets": [],
            "visitMessages": []
        },
        {
            "visitId": "ec94deca-d66a-4d62-b049-72414870de00",
            "homeBobEmployeeId": "85f99bd7-ffd2-4ca7-1174-08d7984a4cf3",
            "houseOwnerId": "9f2efc9b-c275-474c-aec9-4f9bd063b46a",
            "isBlocked": false,
            "startTimeUtc": "2020-05-30T09:15:00",
            "endTimeUtc": "2020-05-30T09:40:00",
            "title": "Add title",
            "isReviewed": false,
            "isFirstVisit": false,
            "isManual": false,
            "visitTimeUsed": 0,
            "rememberToday": null,
            "houseOwnerFirstName": "Mads",
            "houseOwnerLastName": "Kolding",
            "houseOwnerMobilePhone": "+4531952906",
            "houseOwnerAddress": "Sorgenfrigårdsvej 54 st th",
            "houseOwnerZip": "2800",
            "houseOwnerCity": "Lyngby",
            "houseOwnerLatitude": 55.776500,
            "houseOwnerLongitude": 12.512700,
            "isSubscriber": false,
            "rememberAlways": null,
            "professional": "Test",
            "visitState": "ToDo",
            "stateOrder": 2,
            "expectedTime": null,
            "tasks": [
                {
                    "taskId": "9a5f6a07-aad8-4510-8686-de8a2b824113",
                    "title": "Pudsning udvendig",
                    "isTemplate": false,
                    "timesInMinutes": 35,
                    "price": 175.00,
                    "paymentTypeId": "9f40509b-191d-4c61-946e-0e816b63088d",
                    "createDateUtc": "2020-05-30T20:04:07.3063091",
                    "lastUpdateDateUtc": "2020-05-30T20:04:07.3063118",
                    "paymentTypes": null
                }
            ],
            "houseOwnerAssets": [],
            "visitAssets": [],
            "visitMessages": []
        },
        {
            "visitId": "ec94deca-d66a-4d62-b049-72414870de00",
            "homeBobEmployeeId": "85f99bd7-ffd2-4ca7-1174-08d7984a4cf3",
            "houseOwnerId": "9f2efc9b-c275-474c-aec9-4f9bd063b46a",
            "isBlocked": false,
            "startTimeUtc": "2020-05-29T09:15:00",
            "endTimeUtc": "2020-05-29T09:40:00",
            "title": "Add title",
            "isReviewed": false,
            "isFirstVisit": false,
            "isManual": false,
            "visitTimeUsed": 0,
            "rememberToday": null,
            "houseOwnerFirstName": "Mads",
            "houseOwnerLastName": "Kolding",
            "houseOwnerMobilePhone": "+4531952906",
            "houseOwnerAddress": "Sorgenfrigårdsvej 54 st th",
            "houseOwnerZip": "2800",
            "houseOwnerCity": "Lyngby",
            "houseOwnerLatitude": 55.776500,
            "houseOwnerLongitude": 12.512700,
            "isSubscriber": false,
            "rememberAlways": null,
            "professional": "Test",
            "visitState": "ToDo",
            "stateOrder": 2,
            "expectedTime": null,
            "tasks": [
                {
                    "taskId": "9a5f6a07-aad8-4510-8686-de8a2b824113",
                    "title": "Pudsning udvendig",
                    "isTemplate": false,
                    "timesInMinutes": 35,
                    "price": 175.00,
                    "paymentTypeId": "9f40509b-191d-4c61-946e-0e816b63088d",
                    "createDateUtc": "2020-05-29T20:04:07.3063091",
                    "lastUpdateDateUtc": "2020-05-29T20:04:07.3063118",
                    "paymentTypes": null
                }
            ],
            "houseOwnerAssets": [],
            "visitAssets": [],
            "visitMessages": []
        },
        {
            "visitId": "ec94deca-d66a-4d62-b049-72414870de00",
            "homeBobEmployeeId": "85f99bd7-ffd2-4ca7-1174-08d7984a4cf3",
            "houseOwnerId": "9f2efc9b-c275-474c-aec9-4f9bd063b46a",
            "isBlocked": false,
            "startTimeUtc": "2020-05-28T09:15:00",
            "endTimeUtc": "2020-05-28T09:40:00",
            "title": "Add title",
            "isReviewed": false,
            "isFirstVisit": false,
            "isManual": false,
            "visitTimeUsed": 0,
            "rememberToday": null,
            "houseOwnerFirstName": "Mads",
            "houseOwnerLastName": "Kolding",
            "houseOwnerMobilePhone": "+4531952906",
            "houseOwnerAddress": "Sorgenfrigårdsvej 54 st th",
            "houseOwnerZip": "2800",
            "houseOwnerCity": "Lyngby",
            "houseOwnerLatitude": 55.776500,
            "houseOwnerLongitude": 12.512700,
            "isSubscriber": false,
            "rememberAlways": null,
            "professional": "Test",
            "visitState": "ToDo",
            "stateOrder": 2,
            "expectedTime": null,
            "tasks": [
                {
                    "taskId": "9a5f6a07-aad8-4510-8686-de8a2b824113",
                    "title": "Pudsning udvendig",
                    "isTemplate": false,
                    "timesInMinutes": 35,
                    "price": 175.00,
                    "paymentTypeId": "9f40509b-191d-4c61-946e-0e816b63088d",
                    "createDateUtc": "2020-05-28T20:04:07.3063091",
                    "lastUpdateDateUtc": "2020-05-28T20:04:07.3063118",
                    "paymentTypes": null
                }
            ],
            "houseOwnerAssets": [],
            "visitAssets": [],
            "visitMessages": []
        }
    ],
    "code": 200
}
